Friedrich;Bode;Methweg 130, 67749 Nerzweiler;06304 / 99327011
Lisa;Wanke;Widdeshover Weg 163, 95676 Wiesau;09634 / 86345207
Teresa;Malek;Dingbängerweg 139, 66292 Riegelsberg;06806 / 30064327
Nelly;Holz;Erpeler Str. 23, 56370 Berndroth;06486 / 4910270
Julian;Karrer;Hölkenbusch 151, 29484 Langendorf;05865 / 15191715
Hermann;Pahl;Hoove 189, 55546 Neu-Bamberg;0671 / 93533312
Jaqueline;Eibl;Meckmannweg 176, 06528 Breitenbach;03464 / 20357726
Rebekka;Brewer;Marientalstr. 61, 83550 Emmering;08039 / 18085485
Gudrun;Saunders;Rottkamp 94, 72639 Neuffen;07025 / 61536538
Paul;Engelhard;Weseler Str. 185, 56594 Willroth;02687 / 59351689
Enno;Laue;Münzstr. 113, 55471 Ravengiersburg;06761 / 81630401
Luise;Krings;Hirseweg 175, 71686 Remseck am Neckar;07146 / 66352678
Teresa;Münz;Nauheimer Str. 18, 93192 Wald;09463 / 77217646
Connor;Deutsch;Uhuweg 124, 83358 Seeon-Seebruck;08667 / 94610660
Cedrik;Huber;Hahnenstr. 113, 54570 Kalenborn-Scheuern;06591 / 13282059
Cathrin;Jakobi;Gottesweg 166, 51503 Rösrath;02205 / 56017226
Victor;Heckmann;Alte Apotheke 36, 38387 Söllingen;05354 / 56916722
Sinah;Horst;Meesenstiege 159, 49610 Quakenbrück;05431 / 24876762
Bennet;Seybold;Friesenring 93, 32105 Bad Salzuflen;05222 / 54526040
Niels;May;Zülpicher Str. 152a, 76137 Karlsruhe;0721 / 59956261
Silas;Keiser;Sentmaringer Weg 115, 38116 Braunschweig;0531 / 10330501
Jonas;Patzer;Schiffahrter Damm 44, 56357 Gemmerich;06772 / 59300049
Oscar;Betz;Havichhorster Mühle 2, 31710 Buchholz;05751 / 13523708
Meike;Reinert;An den Mühlen 13, 27243 Groß Ippener;04224 / 82957042
Vincent;Schmitz;Handorfer Str. 2, 97337 Dettelbach;09324 / 29004073
Dieter;Neubert;Papenbusch 135, 47546 Kalkar;02824 / 5469471
Quentin;Garrett;Westenkamp 92, 71336 Waiblingen;07151 / 98254412
Janne;Walters;Gremmendorfer Weg 189, 24848 Klein Rheide;04624 / 95162638
Marcel;Sänger;Berrischstr. 20, 22889 Tangstedt;04109 / 34437431
Ella;Haynes;Berrischstr. 64, 53819 Neunkirchen-Seelscheid;02247 / 96611497
Christina;Nass;Zur Wiese 108, 23911 Pogeez;04541 / 63894883
Horst;Taube;Merheimer Str. 23, 54668 Alsdorf;06568 / 21223154
Miriam;Austin;Augustastr. 125, 96179 Rattelsdorf;09547 / 42996542
Vanessa;Burgess;Am Berler Kamp 126, 24796 Bredenbek;04334 / 91749407
Leonardo;Saul;Kappenberger Damm 56, 34633 Ottrau;06639 / 14996307
Wolfgang;Breidenbach;Pankokstr. 135, 20350 Hamburg;040 / 95901003
Jessika;Wunderlich;Kappenberger Damm 108a, 19230 Hagenow;03883 / 83678450
Gertrud;Underwood;Sternstr. 72, 33739 Bielefeld;0521 / 77836642
Peter;Tappe;Hüfferstr. 198, 88079 Kressbronn am Bodensee;07543 / 42215897
Mika;Haberland;Am Burloh 18, 95126 Schwarzenbach an der Saale;09284 / 32321464
Rosa;Witte;Eulenbergstr. 11a, 40474 Düsseldorf;0211 / 9284296
Louisa;Reinhart;Dammstr. 11, 56767 Oberelz;02692 / 50544743
Matthis;Fehr;Stolbergstr. 25, 55595 Braunweiler;0671 / 93374593
Thorsten;Motz;Kriegerweg 127, 54662 Speicher;06562 / 39954302
Luna;Oberle;Neusser Str. 69, 26487 Neuschoo;04975 / 31561445
Mark;Karger;Florentine-Eichler-Str. 33, 82294 Oberschweinbach;08145 / 68235452
Joel;Rieger;Augustastr. 35, 57629 Streithausen;02662 / 15203731
Laura;Schmitz;Am Römerhof 120, 56651 Brenk;02655 / 80586336
Bernd;Lechner;Stolbergstr. 105, 91719 Heidenheim;09833 / 20234269
Julius;Schwegler;Wolbecker Str. 158, 37284 Waldkappel;05656 / 23651997
Carolina;Walk;Wildpfad 19, 66849 Landstuhl;06371 / 9945926
Käthe;Wüst;Norbertstr. 153, 93352 Rohr;08783 / 60662793
Noel;Hagedorn;Simon-Meister-Str. 55, 85622 Feldkirchen;089 / 41416496
Joschua;Bartel;Willingrott 156, 23883 Horst;04547 / 28484053
Timon;Dixon;Weserstr. 46, 25853 Bohmstedt;04671 / 25349049
Adrian;Rainer;Zur Wiese 75, 53909 Zülpich;02252 / 15325201
Emily;Morrison;Mersmannsstiege 39, 21698 Harsefeld;04164 / 31099881
Tomas;Uhlmann;Zülpicher Str. 169, 76872 Winden;07275 / 33136723
Jenny;Schaffrath;Dachsleite 197, 72365 Ratshausen;07427 / 70608694
Leander;Warner;Arnheimweg 145, 77728 Oppenau;07804 / 53748739
Juliana;Kohler;Johann-Krane-Weg 15, 89607 Emerkingen;07393 / 61587502
Rebekka;Hackenberg;Morthorststr. 133, 56291 Lingerhahn;06747 / 6479378
Nadin;Dengler;Flaßkuhl 146, 28307 Bremen;0421 / 86991648
Yvonne;Röder;Von-der-Tinnen-Str. 81, 34289 Zierenberg;05606 / 67345827
Annabel;Dahlmann;Rohrkampstr. 87, 66606 Sankt Wendel;06851 / 47209626
Kristin;Kelly;Dorotheenstr. 112, 91186 Büchenbach;09171 / 96881711
Konstantin;Funke;Skagerrakstr. 132, 34131 Kassel;0561 / 89567111
Yannis;Bracht;Dammstr. 23a, 67152 Ruppertsberg;06326 / 74486570
Selina;Clarke;Am Filk 182, 67308 Zellertal;06351 / 88106145
Wilhelm;Pratt;Langestr. 3, 55452 Laubenheim;06704 / 7966719
Kathrin;Sievers;Marsweg 66, 76189 Karlsruhe;0721 / 40792369
Lena;Jagd;Raesfeldstr. 75, 72663 Großbettlingen;07022 / 26293072
Klaudia;Schwarze;Friedrichstr. 189, 67714 Waldfischbach-Burgalben;06333 / 63981189
Elisabeth;Langer;Schiffahrter Damm 28, 76532 Baden-Baden;07221 / 73891407
Chantal;Meurer;Schubertstr. 171, 44263 Dortmund;0231 / 30045078
Antje;Wehmeyer;Jägerstr. A 8, 56288 Bell;06762 / 83740456
Holger;Brass;Hindenburgplatz 103, 27628 Driftsethe;04746 / 12484107
Lya;Mitchell;Wollinstr. 139, 38277 Heere;05345 / 40709011
Liah;Kehl;Wiedehagen 164, 82541 Münsing;08177 / 43398422
Milan;Schwenk;Janningsweg 189, 08289 Schneeberg;03772 / 40098450
Friedrich;Gehrke;Olpener Str. 80, 25821 Breklum;04671 / 20389400
Chantale;Neidhardt;Bielefelder Str. 173, 67746 Merzweiler;06382 / 32105797
Marianne;Wächter;Skagerrakstr. 34, 26486 Wangeroogebad;04469 / 15446315
Aileen;Feld;Weißenburgstr. 20, 56479 Liebenscheid;02664 / 19008493
Harald;Liebe;Rinscheweg 95, 94065 Waldkirchen;08581 / 41470323
Nelli;Exner;Am Berler Kamp 180, 90513 Zirndorf;0911 / 94184972
Robin;Pahl;Soetenkamp 84, 09128 Chemnitz;0371 / 37746679
Christel;Knapp;Kappenberger Damm 22a, 10823 Berlin;030 / 65739940
Peter;Matthews;Bünkamp 73, 24392 Scheggerott;04641 / 81744963
Walter;Murray;Eifelstr. 122, 77966 Kappel-Grafenhausen;07822 / 12198415
Bernt;Ling;Schubertstr. 158, 24594 Meezen;04871 / 78399397
Maja;Reimers;Goldregenweg 129, 24354 Rieseby;04355 / 97296310
Maurice;Jakob;Am Berler Kamp 25, 31079 Eberholzen;05065 / 68374765
Vivien;Kloster;Gropiusstr. 125, 86565 Gachenbach;08259 / 28441879
Gerda;Degenhardt;Von-Holte-Str. 160, 21483 Wangelau;04153 / 4408293
Paulina;White;An den Mühlen 145, 25557 Gokels;04872 / 84984361
Silvia;Mair;Am Krausen Baum 13, 21368 Boitze;05851 / 12324499
Berndt;Normann;Angelstr. 186, 03222 Ragow;03542 / 82117479
Sofie;Bek;Böttcherstr. 114, 56729 Herresbach;02651 / 21996498
Denis;Tietz;Pankokstr. 135, 45768 Marl;02365 / 77303614
Caroline;Werner;Sternstr. 62, 25853 Ahrenshöft;04671 / 22025295
Mareike;Kluge;Dammstr. 159, 86685 Huisheim;09003 / 84546442
Stephan;Odenthal;Frauenstr. 148, 55606 Hochstetten-Dhaun;06752 / 64724616
Magnus;Springer;Heinrichstr. 127, 82347 Bernried;08158 / 64642001
Miguel;Nass;Kleiner Griechenmarkt 174, 86745 Hohenaltheim;09081 / 23030816
Timon;Schaarschmidt;Am Dornbusch 131, 87758 Kronburg;08394 / 35967536
Johann;Klinger;Angelstr. 53, 56825 Gillenbeuren;02676 / 1377408
John;Papst;Templerweg 15, 56288 Hasselbach;06762 / 33990547
Annalena;Rhein;Oberschlesier Str. 109, 21244 Holm;04181 / 89048959
Leonard;Benz;Birkenweg 163, 21259 Otter;04182 / 1655911
Mariella;Wittmann;Am Oedingteich 34, 22946 Dahmker;04151 / 49452111
Herbert;Bradley;Telemannstr. 53, 87642 Halblech;08368 / 16563522
Kimberly;Dressler;Sanddornweg 134, 80802 München;089 / 86455658
Tom;Schuhmann;Telemannstr. 129, 92694 Etzenricht;0961 / 54335732
Enno;Person;Christinastr. 132, 03222 Ragow;03542 / 97655918
Lucas;Vogel;Hindenburgplatz 116, 30982 Pattensen;05101 / 57559566
Lilly;Wetzel;An den Weiden 121, 06917 Jessen;03537 / 17644047
Marc;Katzer;Deutz-Kalker Str. 188, 21521 Aumühle;04104 / 4495345
Alexa;Schweizer;Langestr. 63, 75179 Pforzheim;07231 / 71743894
Malte;Neugebauer;Idenbrockplatz 29, 55777 Mettweiler;06783 / 15446575
Maurice;Freie;An den Mühlen 10, 97711 Thundorf;09735 / 76779208
Gerhardt;Erdmann;Oscar-Wilde-Str. 13, 69469 Weinheim;06201 / 78342343
Christian;Lewis;Dreilinden 161, 91466 Gerhardshofen;09163 / 75882116
Kurt;Pasch;Bielefelder Str. 138, 56745 Weibern;02655 / 36115155
Elias;Huth;Weißenburgstr. 110, 31749 Auetal;05753 / 21852781
Mohamed;Watts;Scheibenstr. 40, 77797 Ohlsbach;07803 / 78253214
Andrea;Christian;Meckmannweg 84, 78253 Eigeltingen;07774 / 80621525
Jonah;Gordon;Scheibenstr. 118, 32108 Bad Salzuflen;05222 / 77752172
Marlon;Himmel;Wolbecker Str. 40, 56244 Wölferlingen;02626 / 76473697
Linda;Maass;Sophienstr. 108, 79848 Bonndorf;07703 / 77492195
Jule;Pilz;Mersmannsstiege 25, 94496 Ortenburg;08542 / 15521958
Jan;Axmann;Klinkkampweg 66, 24392 Süderbrarup;04641 / 88043194
Carlo;Kalmbach;Kleiner Griechenmarkt 166, 56370 Eisighofen;06486 / 60987011
Josephine;Grossmann;Am Burloh 44, 59075 Hamm;02381 / 57939304
Gerhard;Kretzschmar;Kleiner Griechenmarkt 184, 71069 Landhaussiedlung;07031 / 47498581
Rebekka;Habermann;Im Haubenfeld 51, 49328 Melle;05422 / 16433370
Kristina;Schürmann;Studtstr. 90, 56244 Hartenfels;02626 / 89936878
Maren;Teichmann;Idenbrockplatz 73, 71735 Nussdorf;07042 / 16263869
Jessica;Bucher;Holunderweg 33, 77796 Mühlenbach;07832 / 7570644
Mattis;Linke;Baumberger Str. 35, 31552 Apelern;05043 / 95256252
Brigitte;Kastner;Königsberger Str. 188, 71732 Tamm;07141 / 19911410
Laurenz;Gehlen;Weserstr. 140, 76835 Hainfeld;06323 / 26969589
Erik;Hein;Hillscheider Weg 57, 09249 Taura;03724 / 82284337
Saskia;Zach;Am Brook 125, 85305 Jetzendorf;08137 / 76870422
Emelie;Sonnenberg;Oscar-Wilde-Str. 26, 25491 Hetlingen;04103 / 41614029
Jacqueline;McCarthy;Gropiusstr. 91, 44137 Dortmund;0231 / 51287493
Clara;Born;Kapellenstr. 1, 96364 Marktrodach;09261 / 32918570
Christin;Ehrenberg;Carossastr. 66, 50374 Erftstadt;02235 / 52156873
Friederike;Rentschler;Von-Holte-Str. 150, 54552 Boxberg;02692 / 73079623
Rebekka;Bremer;Hansaring 100, 12683 Biesdorf;030 / 16325892
Madita;Jenkins;Ulmenweg 21, 73566 Bartholomä;07173 / 39446875
Robin;Vogt;Osthuesheide 166, 65396 Walluf;06123 / 218391
Emma;Pütz;Johanniterstr. 2a, 56746 Kempenich;02636 / 85997461
Lea;Carstensen;Skagerrakstr. 149, 45468 Mülheim an der Ruhr;0208 / 69712897
Katharina;Raddatz;Nauheimer Str. 142, 96123 Melkendorf;09505 / 88281992
Jakob;Gerhards;Wormser Str. 106, 24147 Klausdorf;0431 / 31971653
Teresa;Vaupel;Rektoratsweg 121, 31626 Haßbergen;05024 / 768110
Ayleen;Maxwell;Sporckweg 55, 67229 Laumersheim;06359 / 15952157
Lilli;Starke;Weserstr. 106, 55487 Sohrschied;06763 / 71971392
Jonna;Hanke;Beuelsweg 123, 55595 Boos;0671 / 27915684
Angelina;Hoff;An den Weiden 66, 24977 Ringsberg;04636 / 27960980
Kurt;Laue;Piusallee 200, 59821 Arnsberg;02931 / 36295223
Marion;Chambers;Raesfeldstr. 174, 56283 Beulich;06745 / 25532177
Lyn;Höfer;Meinertzstr. 186, 74219 Möckmühl;06298 / 69211298
Benedict;Steinberg;Nerzweg 167, 76879 Bornheim;06348 / 47994623
Kilian;Sailer;Skagerrakstr. 200, 35789 Weilmünster;06472 / 65453074
Nicholas;Baron;Hillscheider Weg 128, 97980 Niederstetten;07932 / 76948754
Merle;Leber;Ulmenweg 79, 94351 Feldkirchen;09420 / 31264391
Celine;Weck;Am Getterbach 38, 67744 Rathskirchen;06361 / 94011666
Renate;Brix;Bielefelder Str. 63, 22941 Hammoor;04532 / 4614890
Kevin;Christian;Paul-Engelhard-Weg 11, 09931 Dannheim;03628 / 71262072
Gina;Pohl;Starweg 77, 29308 Winsen;05143 / 70901004
Annica;Ramirez;Theodor-Heuss-Ring 181, 96178 Pommersfelden;09548 / 59035190
Marianne;Reuter;Schmeddingstr. 112, 86510 Ried;08233 / 43490955
Nora;Kloster;Erpeler Str. 179, 87767 Niederrieden;08335 / 9353010
Luk;Lindner;Langestr. 61, 01623 Sydower Fließ;03337 / 76173548
Valentin;Urban;An den Mühlen 87, 76835 Weyher;06323 / 99828256
Carin;Arnold;Elsa-Brändström-Weg 178, 16766 Oberkrämer;03304 / 21832550
Enrico;Sigl;Mierendorffstr. 105, 91795 Dollnstein;08422 / 52222517
Dustin;Laskowski;Max-Winkelmann-Str. 103, 87754 Kammlach;08261 / 80227582
Doris;Stadler;Skagerrakstr. 25, 78462 Konstanz;07531 / 85797105
Clara;Lawrence;Am Dornbusch 4, 54570 Rockeskyll;06591 / 52890175
Jens;Flame;Mecklenbecker Str. 103, 64668 Unter-Mengelbach;06253 / 15947481
Karlo;Riley;Am Krausen Baum 65, 24576 Weddelbrook;04192 / 56143979
Anja;Kriegel;Hofstr. 38, 31626 Haßbergen;05024 / 66468552
Olivia;Goetze;Max-Winkelmann-Str. 151a, 25996 Wenningstedt;04651 / 43910596
Katarina;Turner;Deutz-Kalker Str. 85, 38170 Vahlberg;05332 / 13504710
Kathrin;Malek;Unter Kahlenhausen 107, 25486 Alveslohe;04193 / 50146816
Luca;Pope;Telemannstr. 40, 25920 Stedesand;04661 / 90354855
Larissa;Dachser;Mecklenbecker Str. 53, 07389 Quaschwitz;03647 / 50100348
Monica;Sass;Handorfer Str. 196, 55758 Sulzbach;06544 / 21989220
Sinah;Kopp;Werkstattstr. 79, 89340 Leipheim;08221 / 77101105
Sofia;Ostermann;Gescherweg 154, 56288 Kastellaun;06762 / 31048680
Teresa;Sauter;Dauvemühle 111, 55234 Bermersheim vor der Höhe;06731 / 82922905
Erica;Schaal;Kurze Str. 41, 35713 Eschenburg;02770 / 98658237
Mario;Townsend;Münzstr. 43, 49838 Langen;05904 / 98712178
Alfred;Klaus;Schmittingheide 182a, 40235 Düsseldorf;0211 / 57106661
Annika;Aigner;Dorotheenstr. 91, 79576 Weil am Rhein;07621 / 29119258
Bastian;Stock;Albachtener Str. 78, 53506 Lind;02643 / 3936441
Thorben;Schuh;Stettiner Str. 8, 25370 Seester;04125 / 89629451
Christoph;Kammer;Schmittingheide 33, 91077 Kleinsendelbach;09134 / 21646418
Lotta;Freie;Wormser Str. 151, 56858 Liesenich;06542 / 11224228
Kilian;Freund;Scheibenstr. 92, 86477 Adelsried;08294 / 99158221
Filip;Engelhard;An den Weiden 18, 95448 Bayreuth;0921 / 89747486
Nicolas;Metz;Oberschlesier Str. 25, 24576 Bimöhlen;04192 / 62207431
Leah;Reitmeier;Möserweg 177, 25869 Gröde;04844 / 59842423
Joel;Hinzmann;Florentine-Eichler-Str. 40, 59427 Unna;02303 / 30590163
Juli;McCoy;Idenbrockplatz 178, 35088 Battenberg;06452 / 14906307
Claas;Neuber;Horstmarer Landweg 58, 80687 München;089 / 42564117
Luise;Halle;Osthuesheide 14, 25721 Eggstedt;04830 / 11639592
Merle;Markert;Hindenburgplatz 31, 24147 Klausdorf;0431 / 16093326
Jonah;Schüller;Telemannstr. 149, 55296 Gau-Bischofsheim;06135 / 64985907
Berndt;De Vries;Äußere Kanalstr. 32, 57520 Steinebach;02747 / 48368595
Ida;Martini;Studtstr. 198, 25579 Fitzbek;04822 / 60581022
Isabella;Palm;Gartenstr. 125a, 67169 Kallstadt;06322 / 29881493
Carlo;Benz;Buldernweg 23, 26871 Aschendorf;04962 / 92069851
Jannik;Thies;Schiffahrter Damm 38a, 24977 Ringsberg;04636 / 95522469
Renate;Zeh;Magdalenenstr. 125, 01169 Dresden;0351 / 57607827
Hartmut;Eggers;Simon-Meister-Str. 2, 35110 Frankenau;06455 / 46252201
Lene;Cortez;Kirchstr. 15, 87748 Fellheim;08335 / 62008724
Karl;Möser;An den Mühlen 61a, 34466 Wolfhagen;05692 / 68556756
Henning;Santos;Wormser Str. 102, 17217 Klein Lukow;03962 / 34304625
Brigitte;Lauer;Schützenstr. 167, 72581 Dettingen an der Erms;07123 / 33087911
Petra;Krieg;Sentmaringer Weg 50, 29690 Buchholz;05071 / 31707861
Frieda;Herget;Steinkamp 6, 31749 Auetal;05753 / 35630799
Henry;Bamberger;Kleiner Griechenmarkt 109, 25889 Uelvesbüll;04864 / 81800173
Joelina;Neu;Friedrich-Ebert-Str. 64, 25721 Eggstedt;04830 / 59028086
Laila;Park;Jakobusstr. 194, 23701 Süsel;04524 / 2487869
Elias;Langhans;Herdingstr. 159, 33165 Lichtenau;05295 / 97337306
Dirk;Busch;Soester Str. 177, 84533 Stammham;08678 / 46496078
Marina;Kayser;Hindenburgplatz 133, 07924 Neundorf;03663 / 1259367
Janik;Hauke;Ossenkampstiege 192, 06528 Liedersdorf;03464 / 32817678
Klaudia;Laskowski;Buldernweg 29, 25853 Ahrenshöft;04671 / 61501056
Helen;Noll;Gottesweg 123, 97318 Kitzingen;09321 / 39691836
Lina;Kahle;Schiffahrter Damm 80, 39264 Lübs;03923 / 39862773
Lena;Tobias;Hogenbergstr. 165, 87616 Marktoberdorf;08342 / 77308874
Rosemarie;Frank;Birkenweg 153, 69514 Laudenbach;06201 / 26164167
Detlef;Parks;Am Grauen Stein 192, 21769 Armstorf;04773 / 12593035
Emmely;Burgess;Schmittingheide 111, 86657 Bissingen;09005 / 77223893
Magnus;Barth;Ostlandstr. 83a, 76829 Leinsweiler;06341 / 10857450
Ingeborg;Kämmerer;Unter Kahlenhausen 189, 54675 Niederraden;06564 / 13778465
Johann;Bernhard;Kappenberger Damm 126, 70736 Fellbach;0711 / 11052667
Marten;Klose;Widdeshover Weg 153, 89428 Syrgenstein;09077 / 59486691
Axel;Lück;Uhuweg 68, 37619 Bodenwerder;05533 / 94017655
Maike;Schwind;Morthorststr. 196, 88371 Ebersbach-Musbach;07584 / 22866957
Lana;Silva;An Lyskirchen 20, 79669 Zell;07625 / 11631197
Dieter;Lange;Kriegerweg 130, 24392 Wagersrott;04641 / 37243329
Mira;Kelley;Hillscheider Weg 193, 18435 Stralsund;03831 / 83469163
Mia;Stephan;Teutonenstr. 145, 79677 Tunau;07673 / 8415139
Finnja;Kuhn;Im Sonnentau 200a, 54320 Waldrach;06500 / 13813481
Marcel;Hempel;Rennbahnstr. 164, 22958 Kuddewörde;04154 / 96743941
Jenny;Demmler;Grevener Str. 26, 93455 Traitsching;09974 / 960251
Maren;Kehrer;Straßburger Weg 76, 37444 Sankt Andreasberg;05582 / 61221657
Noah;Breuer;Augustastr. 52, 80339 München;089 / 21908384
Kristine;Gerstner;Goldregenweg 35, 25821 Vollstedt;04671 / 49402292
Annalena;Bowman;Bernhard-Poether-Str. 21, 53506 Rech;02643 / 82790141
Larissa;Wedekind;Uhuweg 93, 52382 Niederzier;02428 / 10022136
Anouk;Ferguson;Kochwiesenstr. 99, 21717 Deinste;04149 / 36652727
Matteo;Laube;Kappenberger Damm 89, 64404 Bickenbach;06257 / 53654352
Valentin;Lohr;Eibenweg 125, 35799 Merenberg;06471 / 2126874
Jonathan;Rahm;Soester Str. 17, 88427 Bad Schussenried;07583 / 96022217
John;Lohr;Elsa-Brändström-Weg 180, 54518 Gladbach;06571 / 99917365
Dilara;Bräuer;Heinrichstr. 90, 25917 Enge-Sande;04662 / 17089223
Nicole;Seeger;Görlitzer Str. 118, 90425 Nürnberg;0911 / 30935043
Lia;Wolter;Immelmannstr. 190, 34622 test;04543 / 50717516
Ute;Powell;Nienkamp 99, 92706 Luhe-Wildenau;09607 / 39442719
Jannik;Germann;Am Dornbusch 184a, 86911 Dießen am Ammersee;08807 / 25942790
Elisa;Hillen;Theodor-Heuss-Ring 44, 98724 Neuhaus am Rennweg;03679 / 14585461
Luise;Kröber;Hensenstr. 200, 21483 Wangelau;04153 / 14526937
Nils;Engelmann;Nerzweg 65, 08529 Plauen;03741 / 3008263
Jörg;Ahrendt;Westenkamp 142, 97421 Schweinfurt;09721 / 73899276
Maya;Seeliger;Offerkämpe 12, 85604 Zorneding;08106 / 33046786
Georg;Barker;Franz-Peter-Kürten-Weg 39, 66851 Horbach;06333 / 81964674
Nils;Nau;Kappenberger Damm 10, 57635 Ersfeld;02686 / 38704112
Alicia;Möller;Enschedeweg 189, 34123 Kassel;0561 / 54147217
Martina;Fritzsche;Münzstr. 137, 45128 Essen;0201 / 70172601
Kimberly;Musiol;Theodor-Heuss-Ring 25, 25938 Nieblum;04681 / 32006106
Annette;Schütz;Dachsleite 85, 21388 Soderstorf;04132 / 38750041
Jule;Kretschmann;Hillscheider Weg 133, 91567 Herrieden;09825 / 16626184
Susanne;Higgins;Baumberger Str. 178, 97953 Königheim;09340 / 85268166
Amely;Wiemer;Ölbergstr. 63, 83483 Bischofswiesen;08652 / 93056348
Julien;Jankowski;Wiedehagen 14, 97782 Gräfendorf;09357 / 71938144
Matteo;Landwehr;Westenkamp 28a, 19288 Alt Krenzlin;03874 / 18200230
Smilla;Waldhaus;Johanniterstr. 23a, 26624 Südbrookmerland;04942 / 83732171
Bernhardt;Patterson;Heinrichstr. 39, 33181 Bad Wünnenberg;02953 / 98866157
Margot;Porter;Widdeshover Weg 170, 27624 Bad Bederkesa;04745 / 19156203
Louise;Klinger;Sophienstr. 50, 29379 Wittingen;05831 / 24651571
Ferdinand;Mohr;Paul-Engelhard-Weg 174, 54612 Lasel;06551 / 11899195
Larissa;Joseph;Salzmannstr. 149, 67346 Speyer;06232 / 80710339
Daniel;Reil;Düsseldorfer Str. 69, 97990 Weikersheim;07934 / 71447165
Mathias;Moser;Soetenkamp 139, 25557 Thaden;04872 / 59368698
Leif;Lerch;Buldernweg 29, 91790 Raitenbuch;09147 / 49765679
Isabelle;Kauffmann;Nieland 179, 21514 Klein Pampau;04155 / 36094184
Ivonne;Schalk;Parkallee 34, 17309 Krugsdorf;03973 / 37114896
Vivienne;Häussler;Kerßenbrockstr. 27, 07907 Tegau;03663 / 48193208
Jacqueline;Buchner;Mierendorffstr. 166, 47053 Duisburg;0203 / 23571892
Riccardo;Salzmann;Marientalstr. 74, 23847 Kastorf;04544 / 63317138
Lorena;Kellermann;Idenbrockplatz 56, 54426 Breit;06504 / 67215908
Rebekka;Faust;Christinastr. 116, 28325 Bremen;0421 / 85352580
Gerda;Andres;Hölkenbusch 35, 07549 Gera;0365 / 50661165
Gudrun;Hertel;Immelmannstr. 68, 88677 Markdorf;07544 / 33814341
Michel;Kamp;Memmertweg 38, 38889 Cattenstedt;03944 / 9347365
Barbara;Gordon;Am Römerhof 133, 47809 Krefeld;02151 / 14926670
Emma;Webb;Hülsebrockstr. 82, 92694 Etzenricht;0961 / 32889268
Emilia;Mühlbaür;Dreilinden 91, 56579 Hardert;02634 / 83157763
Kian;Abels;Eibenweg 164, 49143 Bissendorf;05402 / 86274418
Yasmin;Grau;Stolbergstr. 50, 55270 Bubenheim;06130 / 29386484
Jamie;Jacoby;Zum Burgschemm 36, 24235 Wendtorf;04344 / 75878717
Henri;Bender;Bohlweg 197a, 45472 Mülheim an der Ruhr;0208 / 27622808
Reinhard;Stephan;Dorotheenstr. 10, 23749 Grube;04364 / 27731313
Maik;Eggert;Am Pulverschuppen 66, 24358 Hütten;04353 / 98853880
Juli;Warren;Steinkamp 1, 86987 Schwabsoien;08868 / 26709978
Björn;Eibl;Hillscheider Weg 177, 86497 Horgau;08294 / 77855220
Adrian;Boyd;Piusallee 39, 73271 Holzmaden;07023 / 54605457
Jörn;Schulze;Grevener Str. 136, 35606 Solms;06442 / 87830177
Nik;Wieland;Hillscheider Weg 26, 12163 Berlin;030 / 34695571
Niels;Landwirt;Sporckweg 87, 31749 Auetal;05753 / 71432411
Alex;Wiener;Augustastr. 163, 34314 Espenau;05673 / 5823063
Volker;Scheele;Telgenweg 14, 86972 Altenstadt;08861 / 86703748
Hertha;Berthold;Steinfurter Str. 175, 22967 Tremsbüttel;04532 / 57501626
Benjamin;Wiesner;Drachterstr. 170, 35418 Buseck;06408 / 3280280
Julian;Vega;Kleiner Griechenmarkt 13, 91230 Happurg;09151 / 23861501
Christa;Wolters;Zum Guten Hirten 122, 56865 Schauren;06542 / 7185951
David;Dahm;Unter Kahlenhausen 166, 67468 Neidenfels;06325 / 29702742
Reinhard;Garrett;Gropiusstr. 35, 25474 Bönningstedt;040 / 47990552
Klaas;Reim;Elsa-Brändström-Weg 49, 56753 Pillig;02654 / 4099952
Christin;Laux;Dammstr. 180, 34388 Trendelburg;05675 / 40157780
Matilda;Berger;Gildenstr. 83, 24811 Owschlag;04336 / 29381321
Marlene;Jaschke;Äußere Kanalstr. 122a, 72555 Metzingen;07123 / 22787438
Liah;Sikora;Kurneystr. 131, 66117 Saarbrücken;0681 / 94293941
Mattis;Zauner;Sophienstr. 125, 56379 Horhausen;06432 / 37894766
Paula;Brooks;Ölbergstr. 154, 59556 Lippstadt;02941 / 80166105
Karoline;Biedermann;Johanniterstr. 36, 85301 Schweitenkirchen;08444 / 26224373
Malin;Schmitz;Schiffahrter Damm 101, 25774 Karolinenkoog;04882 / 16049155
Sina;Reimann;Goldregenweg 78, 40885 Ratingen;02102 / 57972506
Finnja;Rentsch;Eifelstr. 86, 79261 Gutach;07685 / 5969739
Katharina;Kast;Rüschhausweg 74, 40883 Ratingen;02102 / 45753282
Yannik;Siegert;Beuelsweg 64, 58093 Hagen;02331 / 6896911
Petra;Seybold;Telemannstr. 70a, 26906 Dersum;04963 / 77405850
Mathias;Luther;Nieland 197, 66909 Henschtal;06383 / 38175444
Stefan;Nash;Äußere Kanalstr. 97, 80331 München;089 / 68009507
Marah;Wedel;Gasselstiege 92, 21386 Betzendorf;04138 / 89779804
Willi;Rudolph;Hacklenburg 90, 98704 Oehrenstock;03677 / 43495769
Emmely;Haase;Am Berler Kamp 5, 20354 Hamburg;040 / 18064217
Swen;Green;Kriegerweg 110, 42369 Wuppertal;0202 / 55960048
Leonardo;King;Hoove 55, 94113 Tiefenbach;08509 / 91737723
Malte;Manning;Christinastr. 182, 31707 Heeßen;05722 / 77324233
Ingrid;Heuser;Kösliner Str. 81, 85375 Neufahrn;08165 / 71019757
Hendrik;Reinhold;Sophienstr. 196, 54597 Kleinlangenfeld;06551 / 29690838
Rosa;Haag;Kreuzstr. 96, 31559 Haste;05723 / 93230597
Swenja;Martinez;Augustastr. 143a, 65597 Hünfelden;06438 / 28075062
Sarah;Bergmann;Am Ziegelofen 41, 56377 Schweighausen;02604 / 413727
Sophie;Ziemer;Dreilinden 113, 59329 Wadersloh;02523 / 52399625
Marieke;Brecht;Nauheimer Str. 3, 04315 Leipzig;0341 / 41001012
Thies;Bremer;Dreilinden 119, 23845 Dreggers;04551 / 22847113
Helga;Gastätten;Am Brook 17, 31860 Emmerthal;05155 / 51858035
Katja;Reineke;Rottkamp 169, 85055 Ingolstadt;0841 / 92261448
René;Büchner;Gasselstiege 173, 86674 Baar;08253 / 9562485
Lorenz;Drescher;Manfred-von-Richthofen-Str. 158, 73469 Riesbürg;09081 / 83992298
Jona;Motz;Kurze Str. 40, 29361 Höfer;05145 / 78655099
Ingrid;Herzberg;Kröver Str. 87, 34466 Wolfhagen;05692 / 91961789
Marlies;Michels;Im Sonnentau 32, 24975 Husby;04634 / 42920600
Milena;Bachmeier;Kurneystr. 31, 96260 Weismain;09575 / 92007058
Céline;Jennings;Simon-Meister-Str. 91, 31613 Wietzen;05022 / 34602138
Chantale;Marktschreier;Altenhofer Weg 12a, 90596 Schwanstetten;09170 / 21561843
Manfred;Scherer;Teutonenstr. 155, 86453 Dasing;08205 / 76451519
Beate;Engel;Mecklenbecker Str. 119, 76835 Burrweiler;06345 / 52537398
Rudolph;Bartsch;Piusstr. 90, 67756 Oberweiler;06304 / 57308753
Jürgen;Hecht;Paul-Engelhard-Weg 120, 08058 Zwickau;0375 / 72041311
Robin;Häusler;Berrischstr. 192, 91728 Gnotzheim;09833 / 11229223
Diana;McGee;Am Blütenhain 128, 56220 Sankt Sebastian;0261 / 38113288
Catrin;Hofmann;Altenhofer Weg 130, 99423 Weimar;03643 / 75226098
Curt;Grube;Grevener Str. 129, 03222 Klein Radden;03542 / 92320249
Adrian;Rhodes;Breslauer Str. 188, 24392 Saustrup;04641 / 22917274
Heike;Seyfried;Augustastr. 114, 56587 Oberraden;02634 / 83601082
Noah;Baumgarten;Willingrott 198, 66989 Petersberg;06334 / 9999158
Celine;Funk;Rennbahnstr. 39, 54538 Kinheim;06541 / 59175497
Magdalena;Eck;Bielefelder Str. 171, 98716 Elgersburg;03677 / 35174869
Malte;Winter;Friesenring 124, 23879 Mölln;04542 / 36074416
Mario;Vogl;Mierendorffstr. 128, 19230 Hülseburg;03883 / 41075832
Frank;Panzer;Kapellenstr. 125, 54292 Trier;0651 / 10457873
Matilda;Höhne;Breslauer Str. 110, 96049 Bamberg;0951 / 75335551
Melvin;Stiller;Von-Holte-Str. 151a, 85057 Ingolstadt;0841 / 40054413
Viktoria;Stokes;Rektoratsweg 118, 25862 Goldebek;04673 / 35039423
Kay;Zell;Zum Guten Hirten 177, 21720 Grünendeich;04142 / 18738430
Emmily;Appel;Klinkkampweg 104, 57612 Idelberg;02681 / 67150854
Hans;Stock;Kanalstr. 129, 21423 Winsen;05143 / 85648478
Theo;Clarke;Wildpfad 94, 94154 Neukirchen vorm Wald;08504 / 45778839
Markus;Krug;Möserweg 175, 71336 Waiblingen;07151 / 98728412
Falk;Schauer;Handorfer Str. 185, 56357 Strüth;06772 / 24938142
Carin;Krieger;Osthuesheide 29a, 24409 Stoltebüll;04642 / 38963048
Artur;Beer;Deutz-Kalker Str. 52, 37176 Nörten-Hardenberg;05503 / 70912329
Kurt;Gast;Zur Gräfte 143, 21395 Tespe;04176 / 73466634
Oskar;Winter;Carossastr. 77, 79871 Eisenbach;07657 / 79077032
Matthis;Walter;Mierendorffstr. 162, 67737 Frankelbach;06301 / 97691960
Fabio;Löhr;Am Hörsterfriedhof 141, 25596 Wacken;04827 / 2985628
Lara;Sahm;Papenbusch 175, 26524 Hage;04931 / 25251683
Leon;Büsch;Am Dornbusch 133a, 76139 Karlsruhe;0721 / 82262878
Piet;Sperling;Friedrich-Ebert-Str. 87, 56288 Bell;06762 / 10007281
Jannis;Mutz;Erikahof 8, 36251 Bad Hersfeld;06621 / 27350963
Erna;Kaspar;Friedrich-Ebert-Str. 162, 85131 Pollenfeld;08421 / 28202225
Mia;Wiedmann;Lassallestr. 170, 88356 Ostrach;07585 / 20879436
Thore;Zeidler;Holunderweg 96a, 24326 Ascheberg;04526 / 75018048
Ella;Landau;Von-Holte-Str. 24, 94265 Patersdorf;09929 / 53353785
Christoph;Gehring;Wormser Str. 41, 56825 Gevenich;02676 / 59162702
Lena;Loos;Baumberger Str. 60, 63871 Heinrichsthal;06020 / 20069688
Kevin;Langner;Overbergstr. 53, 55595 Roxheim;0671 / 59143116
Alina;Dittmann;Hacklenburg 170, 20148 Hamburg;040 / 86842464
Ursula;Arnold;Geiststr. 160, 89287 Bellenberg;07306 / 91592976
Justus;Arge;Johann-Krane-Weg 12, 31319 Sehnde;05138 / 95031372
Bettina;Weigel;Ulmenweg 185, 09633 Halsbrücke;03731 / 73838750
Jonah;Nell;Idenbrockplatz 51, 95666 Leonberg;09633 / 88073181
Matthias;Kretz;Weserstr. 136, 67759 Nußbach;06364 / 79910763
Victoria;Starke;Goldregenweg 63, 21436 Marschacht;04176 / 34046581
Rafael;Vogler;Maximilianstr. 55, 46569 Hünxe;02858 / 35334985
Nic;Fritz;Gildenstr. 20, 87665 Mauerstetten;08341 / 91292529
Käthe;Bormann;Catharina-Müller-Str. 72, 54655 Steinborn;06563 / 91660530
Ronja;Daum;Langestr. 180, 39124 Magdeburg;0391 / 86871596
Luna;Luther;Altenhofer Weg 54, 97941 Tauberbischofsheim;09341 / 88881910
Leon;Reisch;Kösliner Str. 73, 91249 Weigendorf;09154 / 16558435
Lothar;Oberle;Ringelnatzstr. 124, 88499 Emeringen;07373 / 74900042
Manuela;Diaz;Westenkamp 198, 90765 Fürth;0911 / 85771558
Lothar;Vogt;Rückertstr. 9, 63637 Jossgrund;06059 / 93621109
Maxim;Kern;Oscar-Wilde-Str. 128, 67251 Freinsheim;06353 / 2103395
Wolfgang;Marshall;Emdener Str. 70, 66839 Schmelz;06887 / 90164207
Michelle;West;Kempener Str. 55, 50171 Kerpen;02237 / 20599579
Timo;Kuehl;Böttcherstr. 138, 66346 Püttlingen;06898 / 20887613
Claus;Ganter;Rüschhausweg 107, 27632 Padingbüttel;04742 / 88741735
Swen;Knorr;Geiststr. 50, 74638 Waldenburg;07942 / 89850662
Vivienne;Brauer;Am Nubbenberg 131, 54636 Feilsdorf;06561 / 37114040
Rolf;Christ;Meckmannweg 181, 56294 Münstermaifeld;02654 / 9059047
Bettina;Brunner;Am Blütenhain 124, 33739 Bielefeld;0521 / 68422854
Patrick;Wagenknecht;Marktstr. 29, 96126 Maroldsweisach;09532 / 25929011
Tabea;Bracht;Zum Guten Hirten 123, 99428 Nohra;03643 / 9993412
Lothar;Murray;Im Stemmen 140, 42651 Solingen;0212 / 65019963
Martha;Summers;Arnheimweg 50, 25797 Neuenwisch;04839 / 81293334
Erich;Langenbach;An Lyskirchen 12, 67686 Mackenbach;06374 / 63156957
Siegfried;Thiel;Am Brook 88, 88422 Moosburg;07582 / 82478215
Tara;Grosse;Idenbrockplatz 170, 18258 Vorbeck;03844 / 31243381
Janine;Lüth;Marientalstr. 134, 01189 Dresden;0351 / 61797783
Karolina;Luna;Gildenstr. 62, 53506 Lind;02643 / 94170920
Ayleen;Schiffer;Schmeddingstr. 115, 31714 Lauenhagen;05721 / 18744957
Holger;Selzer;Heisstr. 128, 99880 Waltershausen;03622 / 56488581
Diana;Zell;Teutonenstr. 128, 09212 Limbach-Oberfrohna;03722 / 6413209
Emilia;Wedel;Westenkamp 74, 25560 Aasbüttel;04892 / 53546557
Ayleen;Wiens;Zülpicher Str. 124a, 83404 Ainring;08654 / 6718018
Annabell;Elliott;Zum Guten Hirten 69, 34127 Kassel;0561 / 25162710
Elizabeth;Liedtke;Geiststr. 1, 24211 Preetz;04342 / 30303408
Luna;Geiss;Schützenstr. 170, 25337 Seeth-Ekholt;04121 / 95312837
Keno;Teuber;Nauheimer Str. 154, 76831 Heuchelheim-Klingen;06341 / 8069751
Dennis;Sachse;Kleiner Griechenmarkt 68, 15831 Mahlow;03379 / 47977910
Konstantin;Hild;Straßburger Weg 16, 41189 Mönchengladbach;02161 / 4793530
Edith;Schaible;Am Burloh 168, 66851 Horbach;06333 / 65611928
Lion;Gray;Speestr. - 12, 63874 Dammbach;06092 / 64167887
Lya;Romero;Salzmannstr. 92, 45968 Gladbeck;02043 / 60101241
Emre;Kämpf;Albachtener Str. 171, 38387 Söllingen;05354 / 30505569
Magdalena;Ries;Schmeddingstr. 38, 86735 Amerdingen;09081 / 67307464
Alfred;Rank;Friedrich-Ebert-Str. 86, 37434 Wollershausen;05528 / 14835002
Markus;Bartelt;Agrippastr. 5, 97947 Grünsfeld;09346 / 99241572
Timon;Bucher;Dammstr. 61, 19089 Barnin;03863 / 59806545
Janin;Doyle;An Lyskirchen 172, 54534 Musweiler;06572 / 38486729
Benjamin;Betz;Deutz-Kalker Str. 145, 78166 Donaueschingen;0771 / 78605664
Xenia;Kennedy;Kriegerweg 34, 15326 Fichtenhöhe;03346 / 57327863
Regina;Traut;Neißestr. 145, 24257 Hohenfelde;04385 / 34710596
Ivonne;Diehl;Papenbusch 86, 23847 Kastorf;04544 / 43365417
Christin;Tobias;Steinfurter Str. 157a, 73269 Hochdorf;07153 / 42438499
Sophie;Kahl;Pankokstr. 182, 06808 Holzweißig;03493 / 18468807
Lorenz;French;Am Blütenhain 84, 86709 Wolferstadt;09092 / 925774
Chantale;Chavez;Enschedeweg 25, 71720 Oberstenfeld;07062 / 66912837
Anica;Armbruster;Hölkenbusch 9, 24848 Klein Bennebek;04624 / 19579153
Kiara;Hauser;Dorotheenstr. 91a, 25563 Wulfsmoor;04822 / 15739018
Carina;Laufer;Klinkkampweg 169, 01558 Großenhain;03522 / 68901223
Olivia;Pecher;Am Getterbach 162, 66957 Vinningen;06331 / 11181228
Kristof;Wiener;Dorbaumstr. 164, 93495 Weiding;09977 / 52880374
Frank;Sahm;Hüfferstr. 148, 53359 Rheinbach;02226 / 84005402
Sandra;Wallner;Sternstr. 152, 86989 Steingaden;08862 / 56525956
Emilie;Felber;Im Draum 49, 99086 Erfurt;0361 / 48979151
Marcel;Pratt;Schützenstr. 98a, 94267 Prackenbach;09942 / 66264474
Caroline;Gebhart;Äußere Kanalstr. 168, 25597 Moordiek;04828 / 67036008
Maik;Rasch;Hölkenbusch 25, 54647 Dudeldorf;06565 / 26755938
Mona;Weller;Horstmarer Landweg 140, 66909 Langenbach;06383 / 57785242
Ute;Bittner;Mersmannsstiege 137, 67480 Edenkoben;06323 / 78571065
Daniel;Bäcker;Friesenring 95a, 98528 Suhl;03681 / 90882147
Jona;Holz;Heinrichstr. 102, 17192 Groß Dratow;03991 / 33735911
Gerhard;Dahlke;Schützenstr. 20, 96260 Weismain;09575 / 86157669
Luk;Schultheiss;Carossastr. 38, 55469 Ohlweiler;06761 / 65417073
Maya;Papst;Pötterhoek 178, 37619 Kirchbrak;05533 / 42729620
Yannik;Wiedmann;Simon-Meister-Str. 104, 97342 Seinsheim;09332 / 53443670
David;Schulze;Röttgensweg 200, 14199 Schmargendorf;030 / 12020743
Matthias;Diekmann;Hölkenbusch 103, 91802 Meinheim;09146 / 19216387
Michael;John;Äußere Kanalstr. 191, 78056 Villingen-Schwenningen;07721 / 80588851
Kristof;Waller;Weseler Str. 110, 78259 Mühlhausen-Ehingen;07733 / 5855175
Louisa;Lenz;Piusstr. 170, 93089 Aufhausen;09454 / 41879718
Maria;Bishop;Neißestr. 87, 54411 Rorodt;06504 / 63108967
Hermann;Lehmann;Skagerrakstr. 62, 99947 Bad Langensalza;03603 / 40462079
Jean;Frisch;Am Brook 95, 73101 Aichelberg;07164 / 39494279
André;Schilling;Kanalstr. 121, 80801 München;089 / 12067645
Vivien;Hörmann;Breslauer Str. 17, 59759 Arnsberg;02931 / 49943004
Lucas;Hoffman;Rinkerodeweg 72, 24994 Böxlund;04605 / 74402408
Mathis;Bergmann;Friedrichstr. 183, 35619 Braunfels;06442 / 2035393
Laurin;Jasper;Skagerrakstr. 129, 09931 Dannheim;03628 / 6296189
Linda;Wecker;Dauvemühle 82, 23747 Dahme;04364 / 1315045
Angela;Beyer;Ostmarkstr. 160, 67691 Hochspeyer;06305 / 84789794
Kristian;Schleicher;Meckmannweg 158, 16356 Ahrensfelde;030 / 3724654
Günther;Shelton;Münsterstr. 135, 93359 Wildenberg;09444 / 15020910
Levin;McDonald;Münsterstr. 89a, 56355 Lautert;06772 / 1562650
Joelle;Stiller;Christinastr. 41, 99428 Isseroda;03643 / 47520721
Amely;Debus;Buldernweg 62, 85461 Bockhorn;08122 / 48520051
Erwin;Patzelt;Marderweg 183, 66894 Käshofen;06332 / 59172908
Madeleine;Dahms;Manfred-von-Richthofen-Str. 88, 54597 Rommersheim;06551 / 46907850
Muhammed;Banks;Ostlandstr. 170, 17089 Siedenbollentin;03969 / 5853462
Mathilda;Zell;Kochwiesenstr. 181, 24214 Neuwittenbek;04346 / 46795833
Heike;Heitmann;Steinfurter Str. 16, 78588 Denkingen;07424 / 26564290
Ricardo;Senger;Kapellenstr. 54, 19230 Pätow-Steegen;03883 / 87457551
Bennett;Brodbeck;Hahnenstr. 150, 56754 Dünfus;02672 / 54076625
Jonna;Wehmeyer;Theodor-Heuss-Ring 162, 33100 Paderborn;05251 / 12929129
Rasmus;Burghardt;Enschedeweg 161, 10369 Berlin;030 / 51613745
Kristin;Hirth;Westenkamp 183, 80803 München;089 / 22724248
Sarah;Becher;Ostlandstr. 121, 25788 Delve;04803 / 10110995
Mina;Huth;Agrippastr. 180, 59069 Hamm;02381 / 24375126
Kristina;Gräf;Deutz-Kalker Str. 153, 91233 Neunkirchen am Sand;09123 / 80000840
Torben;Frick;Kanalstr. 44, 25821 Bredstedt;04671 / 94824163
Catharina;Henze;Am Getterbach 71, 02763 Bertsdorf-Hörnitz;03583 / 2845246
Michael;Himmelsbach;Am Römerhof 75, 27412 Hepstedt;04283 / 1529075
Maya;Riedl;Teutonenstr. 86, 09387 Jahnsdorf;03721 / 28084933
Lara;Pratt;Deutz-Kalker Str. 168, 13089 Heinersdorf;030 / 28480547
Hildegard;Waller;Templerweg 25, 27404 Ostereistedt;04284 / 57958830
Maya;Koch;Franz-Peter-Kürten-Weg 191, 04932 Röderland;03533 / 62675768
Sophie;Elsner;Kempener Str. 23, 54340 Longuich;06502 / 59333264
Mia;Bridges;Nienkamp 170, 78345 Moos;07732 / 25216297
Miriam;Terry;Baumberger Str. 137, 49688 Lastrup;04472 / 55676404
Joy;Sparks;Dreizehnerstr. 3, 37619 Pegestorf;05533 / 64916201
Willi;Maack;Geiststr. 123, 58135 Hagen;02331 / 51636682
Florian;Schell;Eulenbergstr. 79, 30167 Hannover;0511 / 87124339
Nina;Wagenknecht;Kapellenstr. 157, 71126 Öschelbronn;07032 / 34299966
Gabriele;Einecke;Janningsweg 18, 39638 Schwiesau;03909 / 30118229
Niclas;Hicks;Hoove 185, 85253 Erdweg;08138 / 36151067
Jannick;Rose;Wildpfad 3, 25836 Osterhever;04865 / 83973353
Gabriel;Scheerer;Studtstr. 109, 21279 Drestedt;04165 / 67948144
Kristian;Hawkins;Klinkkampweg 151, 13055 Alt-Hohenschönhausen;030 / 35673403
Christa;Spahn;Gescherweg 150, 22145 Stapelfeld;040 / 93016748
Yannic;Walsh;Angelmodder Weg 137, 56479 Salzburg;02664 / 58616293
Benedict;Gaida;Speestr. - 98, 21376 Garlstorf am Walde;04172 / 81119330
Nils;Klein;Bernhard-Poether-Str. 40, 63069 Offenbach am Main;069 / 8538603
Luca;Gebel;Beuelsweg 140a, 17217 Krukow;03962 / 52390209
Denise;Hirth;Am Hörsterfriedhof 114, 27386 Bothel;04266 / 96945353
Angelina;Urban;Münsterstr. 117, 89614 Öpfingen;07391 / 65068765
Kristian;Marsh;Berrischstr. 79, 35274 Kirchhain;06422 / 11741075
Madita;Dehne;Hindenburgplatz 134, 63930 Neunkirchen;09378 / 61038161
Ilse;Bass;Josef-Suwelack-Weg 101, 21407 Deutsch Evern;04131 / 58874508
Gerd;Menke;Am Pulverschuppen 142, 91347 Aufseß;09198 / 91131575
Hertha;Reid;Straßburger Weg 150, 12681 Marzahn;030 / 65332374
Jil;Pütz;Königsberger Str. 100, 76833 Frankweiler;06341 / 42556243
Romy;Kraft;Zur Wiese 178, 67749 Offenbach-Hundheim;06382 / 76696977
Chantall;Hecker;Hofstr. 52, 33189 Schlangen;05252 / 22699687
Bennet;Hutter;Eibenweg 149, 97247 Eisenheim;09386 / 21502213
Tristan;Beer;Altenhofer Weg 105, 97346 Iphofen;09323 / 47609293
Maria;Howard;Gremmendorfer Weg 160, 91338 Igensdorf;09192 / 13516758
Harald;Elsner;Südstr. 20, 55559 Bretzenheim;0671 / 63085942
Nora;Kara;Rennbahnstr. 140, 91722 Arberg;09822 / 9775474
Mila;Malek;Sentmaringer Weg 150, 55483 Schlierschied;06763 / 44122678
Jürgen;Henze;Sternstr. 83, 88370 Ebenweiler;07584 / 52335220
Luise;Soto;Mariendorfer Str. 166a, 27749 Delmenhorst;04221 / 574912
Adrian;Lerch;Horstmarer Landweg 32, 58802 Balve;02375 / 57433788
Kian;Schott;Widdeshover Weg 15, 21514 Fitzen;04155 / 71291
Barbara;Pätzold;Agrippastr. 88, 33602 Bielefeld;0521 / 24087516
Diana;Luna;Dreilinden 124, 24975 Husby;04634 / 53794866
Arne;Teschner;Kochwiesenstr. 108, 35108 Allendorf;06452 / 29243749
Melanie;Röder;Gropiusstr. 22, 19205 Dragun;03886 / 77956180
Mila;Friedrichs;Wolbecker Str. 9, 88179 Oberreute;08387 / 48014429
Pascal;Hagedorn;Merheimer Str. 49, 30827 Garbsen;05131 / 28685577
Leandro;Kretzer;Hofstr. 65, 53115 Bonn;0228 / 5529753
Olivia;Buschmann;Im Sonnentau 92, 84364 Bad Birnbach;08563 / 65392754
Miguel;Löffler;Josef-Suwelack-Weg 194, 88422 Seekirch;07582 / 71600628
Benjamin;Houston;Eulenbergstr. 170, 76889 Birkenhördt;06343 / 9315633
Kim;Watkins;An den Mühlen 2, 24321 Behrensdorf;04381 / 92001433
Luke;Salazar;Altenhofer Weg 177, 34286 Spangenberg;05663 / 70758507
Paulina;Peetz;Am Pulverschuppen 92, 55481 Schwarzen;06763 / 15241310
Karina;Shaw;Salzmannstr. 200, 76870 Kandel;07275 / 16745860
Ingrid;Sieber;Am Brook 78, 97517 Rannungen;09738 / 95686421
Isabel;Fleck;Hansaring 39a, 73527 Täferrot;07175 / 58402911
Ingrid;Rein;Marderweg 99, 91478 Markt Nordheim;09106 / 21096809
Melanie;Rios;Kröver Str. 150, 29342 Wienhausen;05149 / 43874778
Rafael;Spur;Gropiusstr. 73, 74821 Mosbach;06261 / 4074248
Timo;Edwards;Neusser Str. 119, 57482 Wenden;02762 / 36057646
Tristan;Fröhlich;Paul-Engelhard-Weg 155, 56457 Hergenroth;02663 / 49592275
Lilian;Olson;Handorfer Str. 159, 37632 Eimen;05565 / 38726836
Erich;Franke;Von-der-Tinnen-Str. 138, 97650 Fladungen;09778 / 18682011
Nelli;Reutter;Von-der-Tinnen-Str. 113, 78464 Konstanz;07531 / 7220896
Frank;Parsons;Emdener Str. 199, 94253 Bischofsmais;09920 / 35869422
Lucas;Goetze;Mecklenbecker Str. 52, 54578 Kerpen;06593 / 84503604
Selin;Leder;Methweg 121, 25364 Brande-Hörnerkirchen;04127 / 83181289
Mathilda;Sandoval;Hüfferstr. 178, 55608 Hausen;06544 / 5012444
Silvia;Walther;Arnheimweg 58, 12279 Berlin;030 / 75089890
Laurens;Fink;Simon-Meister-Str. 180, 65191 Wiesbaden;0611 / 48224600
Jürgen;Schaeffer;Ostlandstr. 119, 74078 Heilbronn;07131 / 54505018
Kiara;Lyons;Münzstr. 151, 37434 Bilshausen;05528 / 5044908
Mathies;Cordes;Kapellenstr. 26, 17111 Sommersdorf;03994 / 74536914
Joana;Feller;Zum Burgschemm 181, 73102 Birenbach;07161 / 75810198
Mirco;Enders;Holunderweg 110, 39418 Neundorf;03925 / 65645092
Ulrike;Hanisch;Emdener Str. 119, 91631 Wettringen;09869 / 41827158
Tore;Ochs;Hermann-Treff-Weg 24, 68169 Mannheim;0621 / 64923279
Cornelia;Debus;Sporckweg 7a, 66919 Herschberg;06375 / 51903574
Fabio;Henschke;Rinkerodeweg 173, 79227 Schallstadt;07664 / 92296710
Lilly;Bruder;Am Brook 180, 16775 Schönermark;03306 / 37858619
Mathis;Langhans;Heisstr. 81, 23883 Brunsmark;04547 / 3881901
Tomas;Cao;Altenhofer Weg 143, 58313 Herdecke an der Ruhr;02330 / 66909012
Saskia;Lehner;Carossastr. 124, 83075 Bad Feilnbach;08066 / 60825467
Nicolas;Leonhardt;Weserstr. 123, 78351 Bodman-Ludwigshafen;07773 / 3980344
Theo;Karrer;Havichhorster Mühle 116, 57632 Schürdt;02685 / 72669827
Filip;Höck;Hirseweg 195, 87544 Blaichach;08321 / 77745299
Malin;Petzold;Am Getterbach 100, 71131 Oberjettingen;07452 / 14768669
Enrico;Gill;Kreuzstr. 55, 28205 Bremen;0421 / 17723201
Patrik;Bruns;Am Wigbold 56, 91790 Raitenbuch;09147 / 10265447
Raphael;Vargas;Alte Apotheke 92, 82431 Kochel am See;08851 / 25195561
Andrea;Denecke;Jakobusstr. 78, 24644 Timmaspe;04392 / 13398853
Silas;Eberhardt;Speestr. - 45, 92268 Etzelwang;09663 / 69569634
Bastian;Dudek;Carossastr. 98a, 79331 Teningen;07641 / 2441916
Bernhard;Haberland;Am Brook 72, 98669 Veilsdorf;03685 / 25815709
Nic;Oberle;Gleueler Str. 27, 57612 Helmeroth;02681 / 19826639
Enno;Sacher;Kappenberger Damm 150, 54673 Zweifelscheid;06564 / 64278169
Larissa;Kreuzer;Weserstr. 105, 30851 Langenhagen;0511 / 66920116
Silas;Bothe;Friedrich-Ebert-Str. 91, 65582 Hambach;06432 / 1611588
Mareike;Webster;Rinkerodeweg 169, 55487 Niedersohren;06763 / 70523935
Anna;Büchner;Altenhofer Weg 99, 55596 Schloßböckelheim;0671 / 26864487
Mathis;Bosch Dienst;Havichhorster Mühle 56, 74670 Forchtenberg;07947 / 81897032
Noah;Kämper;Am Krausen Baum 104, 66879 Niederstaufenbach;06381 / 32916127
Danny;Michaelis;Kreuzstr. 157, 91054 Erlangen;09131 / 61544769
Dustin;Moser;Eibenweg 56, 32278 Kirchlengern;05223 / 16511339
Karoline;Knorr;Wormser Str. 43, 40789 Monheim am Rhein;02173 / 91926020
Timon;Landmann;Dauvemühle 183, 23883 Lehmrade;04547 / 3021856
Tabea;Herr;Zur Gräfte 190, 49584 Fürstenau;05901 / 77522683
Selina;Seiler;Josef-Suwelack-Weg 17a, 93191 Rettenbach;09462 / 1508904
Marco;König;Zur Wiese 20, 14513 Teltow;03328 / 8651658
Romy;Weinert;Bielefelder Str. 57, 77971 Kippenheim;07825 / 16404018
Mohamed;Haller;Dauvemühle 3, 69190 Walldorf;06227 / 65208616
Friedrich;Rapp;Franz-Peter-Kürten-Weg 17, 90765 Fürth;0911 / 51505579
Kathrin;Pfeffer;Guntherstr. 29, 17111 Lindenberg;03994 / 11888211
Liam;Mucha;Neusser Str. 87, 58642 Iserlohn;02371 / 99912948
Leoni;Nichols;Dorbaumstr. 109, 23968 Zierow;03841 / 93911949
Paulina;Kampe;Eulenbergstr. 164, 12351 Buckow;030 / 95554425
Niclas;Widmann;Liboristr. 64, 41812 Erkelenz;02431 / 55894948
Jürgen;Böse;Sentmaringer Weg 173, 94559 Niederwinkling;09901 / 23224295
Kian;Christ;Hoove 69, 56651 Oberzissen;02636 / 92424579
Meik;Park;Rinkerodeweg 89, 56220 Sankt Sebastian;0261 / 4460495
Katrin;Sohn;Gartenstr. 163, 23909 Ratzeburg;04541 / 54899112
Nike;Kauer;Sophienstr. 129, 85276 Hettenshausen;08441 / 88705424
Karina;Guzman;Möserweg 63, 27321 Morsum;04204 / 92028259
Gabriel;Finke;Am Blütenhain 181, 07924 Eßbach;03647 / 62450379
Rebekka;Henderson;Rektoratsweg 10, 54457 Wincheringen;06583 / 95673325
Waltraud;Brockmann;Ostlandstr. 158, 97320 Albertshofen;09321 / 81562339
Willy;Krieger;Langeworth 116, 23730 Sierksdorf;04561 / 72631728
Mathies;Mahler;Kanalstr. 176, 19073 Zülow;03869 / 37166235
Christa;Huber;Dahlienweg 104, 21524 Brunstorf;04151 / 22888704
Karolina;Stoll;Idenbrockplatz 47, 25885 Immenstedt;04835 / 43359216
Luis;Jänicke;Friedrichstr. 77, 23936 Upahl;03881 / 78760845
Jason;Berthold;Hillscheider Weg 47, 97497 Dingolshausen;09382 / 71068321
Mirco;Dehmel;Bünkamp 14, 56865 Blankenrath;06545 / 61629005
Vanessa;Hepp;Königsberger Str. 129, 96361 Steinbach am Wald;09263 / 9032037
Heinrich;Salomon;Dauvemühle 91, 88450 Berkheim;08395 / 60079739
Lyn;Dietz;Theodor-Heuss-Ring 40, 21272 Egestorf;04175 / 7532752
Mariella;Bruns;Görlitzer Str. 161, 18276 Glasewitz;03843 / 49657825
Karolina;Wanner;Vorgebirgstr. 104, 77974 Meißenheim;07824 / 86417920
Conner;Melzer;Dahlienweg 186, 01279 Dresden;0351 / 34402685
Barbara;Schumann;Breslauer Str. 137, 54424 Thalfang;06504 / 30706709
Mila;Richardson;Sternstr. 37, 83075 Bad Feilnbach;08066 / 75297272
Konstantin;Riedel;Albachtener Str. 196, 85579 Neubiberg;089 / 71448682
Niclas;Hilbig;Arnheimweg 106, 21770 Mittelstenahe;04773 / 21194098
Erika;Sandmann;Marientalstr. 160, 07919 Kirschkau;03663 / 54042800
Alyssa;Uhl;Hüfferstr. 13, 63860 Rothenbuch;06094 / 13789471
Claus;Lopez;Im Haubenfeld 48, 21380 Artlenburg;04153 / 96127472
Liam;Wilde;Kröver Str. 143, 24876 Hollingstedt;04627 / 16696155
Hans;Ebeling;Dodostr. 163, 47798 Krefeld;02151 / 20880410
Manuel;Heidemann;Parkallee 140, 24376 Grödersby;04642 / 79196415
Julius;Kautz;Landoisstr. 5, 76229 Karlsruhe;0721 / 14737452
Johannes;Barilovic;Marktstr. 194, 76835 Hainfeld;06323 / 4067339
Karsten;Weise;Weseler Str. 132, 87474 Buchenberg;08378 / 26501403
Bjarne;Collins;Osthuesheide 91, 96352 Wilhelmsthal;09260 / 67635982
Detlef;Schirmer;Hahnenstr. 199, 06116 Halle;0345 / 8021555
Nike;Morrison;Schützenstr. 182a, 79102 Freiburg;0761 / 5002231
Rebecca;Dehmel;Gropiusstr. 67, 45881 Gelsenkirchen;0209 / 75492817
Martina;Heinen;Düesbergweg 154, 29493 Schnackenburg;05840 / 67791664
Ruben;Drews;Wiedehagen 134, 65623 Mudershausen;06430 / 11109969
Ina;Hamilton;Hogenbergstr. 84, 97645 Ostheim vor der Rhön;09777 / 17081418
Theo;Reinhardt;Am Getterbach 70, 68519 Viernheim;06204 / 94328933
Annabelle;Harmon;Straßburger Weg 97, 26489 Ochtersum;04975 / 57909510
Lorena;Bacher;Bernhard-Poether-Str. 55, 64757 Rothenberg;06275 / 32356164
Ella;Rach;Geiststr. 96, 06618 Utenbach;03445 / 10902162
Kurt;Wienecke;Dortmunder Str. 14, 25938 Oevenum;04681 / 26912792
Ida;Payne;Agrippastr. 105, 50674 Köln;0221 / 80726758
Fenja;Baumgarten;Dauvemühle 195, 33607 Bielefeld;0521 / 48540869
Carlotta;Wilk;Geiststr. 198, 88353 Kißlegg;07563 / 89406546
Uwe;Moody;Rennbahnstr. 160, 48739 Legden;02566 / 1717006
Ella;Oberle;Telemannstr. 7a, 79692 Tegernau;07629 / 72295032
Ernst;Hinkel;Sanddornweg 61, 06502 Neinstedt;03947 / 727993
Luka;Janzen;Kapellenstr. 5, 26160 Bad Zwischenahn;04403 / 64430873
Axel;Guerrero;Zum Guten Hirten 179a, 55444 Waldlaubersheim;06724 / 33691417
Thorben;Danner;Rinkerodeweg 2, 19230 Warlitz;03883 / 8726207
Dominic;Schütte;Elsa-Brändström-Weg 13, 24944 Flensburg;0461 / 38891936
Ulrike;Sorg;Nienkamp 97, 56828 Alflen;02678 / 63806028
Christin;Feierabend;Am Berler Kamp 41, 63811 Stockstadt am Main;06027 / 27801877
Quentin;Eggers;Gleueler Str. 9, 55569 Monzingen;06751 / 34333493
Vanessa;Schiffer;Rückertstr. 10, 97659 Schönau an der Brend;09775 / 38883607
Marike;Wegner;Geiststr. 21, 84543 Winhöring;08671 / 82696359
Anne;Garza;Oscar-Wilde-Str. 21, 21493 Schwarzenbek;04151 / 25566159
Hendrik;Blank;Am Burloh 14, 06333 Arnstedt;03473 / 47875495
Lucie;Thamm;Pötterhoek 197, 56459 Kölbingen;02663 / 87784310
Carsten;Watson;Schützenstr. 4, 49549 Ladbergen;05485 / 31550718
Kaja;Rhein;Hansaring 66, 38473 Tiddische;05366 / 27860941
Raphael;Brucker;Gottesweg 182, 24238 Selent;04384 / 20658922
Sabrina;Osborne;Wildpfad 127, 82435 Bad Bayersoien;08845 / 12030248
Mika;Bott;Kerßenbrockstr. 19, 83483 Bischofswiesen;08652 / 52574236
Carlo;Edwards;Zum Burgschemm 60, 56729 Bermel;02651 / 54915593
Lars;Schaffer;Am Nubbenberg 49, 69118 Heidelberg;06221 / 99932304
Ruth;Brill;Marktstr. 99, 97640 Hendungen;09776 / 71343237
Norbert;Warneke;Kanalstr. 41, 69126 Heidelberg;06221 / 29210400
Ute;Gardner;Alte Apotheke 54, 33335 Gütersloh;05241 / 64277613
Carl;Kirschner;Telemannstr. 153, 77773 Schenkenzell;07836 / 92528730
David;Harrison;Gasselstiege 188, 96196 Wattendorf;09504 / 46884001
Samuel;Mund;Florentine-Eichler-Str. 51, 92665 Altenstadt an der Waldnaab;09602 / 23536989
Jacob;Selle;Olpener Str. 81, 27729 Lübberstedt;04793 / 1137457
Enno;Carr;Teutonenstr. 157, 40468 Düsseldorf;0211 / 54727944
Raphael;Christensen;Dingbängerweg 43a, 24598 Boostedt;04393 / 80704878
Riccardo;Ochs;Mierendorffstr. 6, 66359 Bous;06834 / 74203373
Anneke;Gill;Am Krausen Baum 157, 73269 Hochdorf;07153 / 90384507
Dario;Bell;Schubertstr. 75, 79238 Ehrenkirchen;07633 / 33807870
Renate;Klug;Görlitzer Str. 35, 56767 Höchstberg;02692 / 75608595
Jasmin;Vargas;Steinkamp 72, 16259 Bad Freienwalde;03344 / 5992093
Rolf;Brück;Beuelsweg 58, 97659 Schönau an der Brend;09775 / 43557418
Fenja;Brill;Heisstr. 158, 54649 Niederpierscheid;06550 / 56921408
Max;Hüttner;Ölbergstr. 120, 91338 Igensdorf;09192 / 26328464
Anette;Musiol;Ringelnatzstr. 64, 73344 Gruibingen;07335 / 44270892
Heidi;Eger;Memmertweg 65, 66663 Merzig;06861 / 4881519
Leon;Raddatz;Soetenkamp 76, 27404 Heeslingen;04281 / 98157579
Gisela;Nebel;Flaßkuhl 190, 19086 Plate;03861 / 28229829
Martina;Breuer;Deutz-Kalker Str. 170, 87647 Kraftisried;08377 / 60874251
Anke;Schumacher;Kochwiesenstr. 151, 93182 Duggendorf;09473 / 41378404
Luca;Bernhard;Am Grauen Stein 110a, 56459 Elbingen;06435 / 82671558
Clemens;Dixon;Schützenstr. 12, 56820 Briedern;02673 / 67959885
Rudolph;Anders;Hirseweg 109a, 57629 Kundert;02662 / 51660712
Leoni;Hintze;Manfred-von-Richthofen-Str. 59, 74541 Vellberg;07907 / 19337145
Sigrid;Butz;Am Dornbusch 33, 31718 Pollhagen;05721 / 3491262
Günter;Gardner;Janningsweg 35, 20537 Hamburg;040 / 9566170
Diana;Wedekind;Sporckweg 60, 55767 Meckenbach;06782 / 59510250
Danny;Palmer;Schwalbenweg 159, 79423 Heitersheim;07634 / 2015157
Günter;Allen;Grevener Str. 134, 23847 Kastorf;04544 / 88798429
Heinrich;Hüttner;Merheimer Str. 117, 57632 Orfgen;02685 / 55060711
Janin;Steele;Starweg 74a, 25548 Rosdorf;04822 / 86736477
Anja;Teubner;Kappenberger Damm 177, 27638 Wremen;04705 / 48109820
Karina;Böttner;Hölkenbusch 136, 07546 Gera;0365 / 37441946
Janine;Rettig;Idenbrockplatz 54, 36093 Künzell;0661 / 70198189
Aaron;Heinrichs;Friedrich-Ebert-Str. 183, 78564 Reichenbach am Heuberg;07429 / 2942737
Jannes;Hunt;Uhuweg 187, 55569 Auen;06754 / 22310083
Hendrik;Miller;Weserstr. 7, 53534 Wiesemscheid;02691 / 69302485
Pia;Scheller;Angelstr. 56, 79853 Lenzkirch;07653 / 18738142
Ingo;Fröhlich;Düesbergweg 79, 91362 Pretzfeld;09194 / 212255
Anna;Heidenreich;Idenbrockplatz 118, 38467 Bergfeld;05833 / 9470179
Kim;Peetz;Marderweg 180, 14715 Milower Land;03386 / 10243524
Paul;Nell;Eibenweg 199, 17192 Groß Dratow;03991 / 15574701
Jenny;Weber;Offerkämpe 184, 72355 Schömberg;07427 / 16669309
Norbert;Bernd;Schmeddingstr. 162a, 56307 Dernbach;02689 / 76193820
Samira;Oberländer;Holunderweg 87, 74360 Ilsfeld;07062 / 78239143
Lyn;Patzer;Wildpfad 169, 56288 Korweiler;06762 / 76139732
Robert;Berner;Langeworth 91, 89349 Burtenbach;08285 / 29987952
Isabelle;Freie;Norbertstr. 126, 08301 Bad Schlema;03772 / 31259316
Mira;Gray;Rosenplatz 5, 25551 Silzen;04826 / 84518191
Kevin;Hausmann;Scheibenstr. 65, 66909 Henschtal;06383 / 32833950
Martha;Reinhard;Hüfferstr. 149, 17309 Damerow;03973 / 7025317
Mia;Fenner;Drachterstr. 158, 90768 Fürth;0911 / 24035490
Lia;Bryant;Frauenstr. 6, 77977 Rust;07822 / 66835719
Elena;Borst;Kösliner Str. 179, 96173 Oberhaid;09503 / 53485911
Christa;Gerke;Baumberger Str. 149, 21493 Sahms;04151 / 88142098
Ricardo;Kallenbach;Sophienstr. 100, 76761 Rülzheim;07272 / 86194930
Yannic;Fellner;Werkstattstr. 172, 23936 Plüschow;03881 / 95767765
Kurt;Person;Paul-Engelhard-Weg 25, 44309 Dortmund;0231 / 79551796
Edith;Moos;Meinertzstr. 103, 06528 Horla;03464 / 79872627
Maurice;Hense;Wollinstr. 136, 95515 Plankenfels;09204 / 78005512
Rebekka;Fenske;Liboristr. 80, 85132 Schernfeld;08422 / 21901109
Henriette;Jagd;Gleueler Str. 47, 97357 Prichsenstadt;09383 / 37251342
Ute;Erhard;Wildpfad 177, 85661 Forstinning;08124 / 48563834
Annica;Kaczmarek;Geiststr. 186, 80469 München;089 / 3290199
Lieselotte;Wirth;Hindenburgplatz 142, 66450 Bexbach;06826 / 19310838
Ina;Can;Meesenstiege 78, 87660 Irsee;08341 / 36277280
Elias;Bossert;Von-Holte-Str. 55, 09468 Tannenberg;03733 / 1945033
Sabrina;Rentsch;Wildpfad 141, 56288 Lahr;02672 / 34793021
Thore;Gutsche;Goebenstr. 148, 97464 Oberwerrn;09726 / 76719626
Patrik;Germann;Kröver Str. 175, 40723 Hilden;02103 / 73977607
Christof;Hey;Sophienstr. 137, 31167 Bockenem;05067 / 5857173
Norbert;Behrend;Kochwiesenstr. 94, 66869 Ruthweiler;06381 / 37367161
Marieke;Günter;Am Krausen Baum 75, 89435 Finningen;09074 / 87737084
Kimberly;Hessler;Soester Str. 186, 91743 Unterschwaningen;09836 / 33322003
Holger;Schmuck;Von-der-Tinnen-Str. 14, 94261 Kirchdorf;09928 / 17485825
Colin;Brosch;Holunderweg 40, 88709 Meersburg;07532 / 89612754
Lene;Kiefer;Alte Apotheke 45, 74427 Fichtenberg;07971 / 26008372
Ferdinand;Kammerer;Olpener Str. 62, 25946 Nebel;04682 / 80552264
Selin;Seeber;Breul 14, 83471 Schönau am Königssee;08652 / 38672993
Rolf;Dressler;Kröver Str. 120, 25938 Midlum;04681 / 70010456
Leo;Rudolph;Vorgebirgstr. 80, 87657 Görisried;08302 / 83787623
Ina;Hamann;Kriegerweg 159, 67591 Offstein;06243 / 51321711
Barbara;Padilla;Kerßenbrockstr. 134, 67822 Münsterappel;06362 / 56327234
Yannik;Keiser;Marsweg 65, 38685 Langelsheim;05326 / 86416624
Renate;Gerling;Avendruper Str. 179, 86850 Fischach;08236 / 784609
Ute;Diekmann;Ostlandstr. 195, 45891 Gelsenkirchen;0209 / 90293837
Constantin;Reinicke;Papenbusch 41, 69221 Dossenheim;06221 / 55300108
Kimberley;Bräuer;Ölbergstr. 1, 94405 Landau an der Isar;09951 / 21787074
Ina;Adolph;Rektoratsweg 51, 97355 Kleinlangheim;09325 / 43200297
Marlene;Appel;Kappenberger Damm 130, 49086 Osnabrück;0541 / 60066971
Tim;Baumgart;Herdingstr. 42, 23911 Mustin;04541 / 90355597
Martha;Christensen;Dorotheenstr. 13, 75397 Simmozheim;07033 / 62195587
Niclas;Kauffmann;Zum Guten Hirten 147, 42117 Wuppertal;0202 / 91367039
Sofie;Knight;Horstmarer Landweg 153, 03205 Bolschwitz;03541 / 62089065
Mirco;Aigner;Schützenstr. 81, 76857 Ramberg;06346 / 30575261
Annabell;Singer;Kempener Str. 153, 79692 Sallneck;07629 / 90143979
Isabel;Falkenstein;Bünkamp 104, 76848 Dimbach;06392 / 77706997
Fabio;Mangold;Wollinstr. 43, 03222 Ragow;03542 / 59352550
Anouk;Murray;Frauenstr. 1, 89160 Dornstadt;07348 / 54287269
Tobias;Patterson;Sternstr. 101, 08499 Mylau;03765 / 15477106
Stefan;Boos;Innsbruckweg 166a, 84431 Heldenstein;08636 / 14115614
Sascha;Fell;Christinastr. 95, 28327 Bremen;0421 / 1578757
Axel;Krämer;Hansaring 105, 80339 München;089 / 29516916
Henry;Moore;Kochwiesenstr. 171, 97475 Zeil am Main;09524 / 90078793
Robert;Hockney;Olpener Str. 108a, 24392 Dollrottfeld;04641 / 4328132
Anette;Schwager;Am Blütenhain 163, 31099 Woltershausen;05183 / 10953352
Ronja;Reinhard;Papenbusch 132, 56379 Steinsberg;06432 / 85803320
Axel;May;Willingrott 122, 88459 Tannheim;08395 / 99615029
Michel;Schaible;Kröver Str. 65, 06618 Mertendorf;03445 / 78568943
Martina;Jimenez;Tondernstr. 63, 85101 Lenting;08456 / 96156054
Janina;Thoma;Am Grauen Stein 185, 64668 Rimbach;06253 / 42123430
Mareike;Edinger;Janningsweg 122, 02979 Spreetal;04155 / 47901752
Linn;Pahl;Kösliner Str. 98, 23845 Itzstedt;04535 / 68913274
Pia;Adkins;Merheimer Str. 193, 17192 Kargow;03991 / 11610105
Juli;Paul;Schwalbenweg 21, 16727 Oberkrämer;03304 / 79417018
Niclas;Dudek;Frauenstr. 114, 24214 Neuwittenbek;04346 / 67393227
Käthe;Caldwell;Offerkämpe 94, 75236 Kämpfelbach;07231 / 11529027
Cedric;Sieber;Kleiner Griechenmarkt 101, 64625 Bensheim;06251 / 81214720
Til;Spang;Rinkerodeweg 6, 66887 Neunkirchen am Potzberg;06381 / 9830985
Alisa;Abbott;Kleiner Griechenmarkt 152, 79688 Hausen;07622 / 32703801
Simon;Wade;Rektoratsweg 97, 95700 Neusorg;09234 / 10014739
Michelle;Sonnenberg;Hindenburgplatz 193, 41366 Schwalmtal;02163 / 76247450
Nils;Wiener;Osthuesheide 164, 96264 Altenkunstadt;09572 / 2606597
Lorena;Hagedorn;Florentine-Eichler-Str. 172, 12203 Berlin;030 / 78295127
Ricardo;Kunz;Florentine-Eichler-Str. 124, 74199 Untergruppenbach;07132 / 46722471
Marieke;Bischoff;Hahnenstr. 76, 21785 Neuhaus;04777 / 11219717
Antje;Spencer;Steinkamp 38, 48356 Nordwalde;02573 / 48106035
Gerhardt;Taylor;Hensenstr. 44, 46562 Voerde;02855 / 45007114
Benedict;Hagen;Schubertstr. 72, 97633 Trappstadt;09765 / 10031104
Kristin;Christian;Eulenbergstr. 76, 17309 Rollwitz;03973 / 46625089
Melissa;Bahr;Hogenbergstr. 71, 29499 Zernien;05863 / 93927867
Timon;Dehne;Friedrichstr. 23, 74405 Gaildorf;07971 / 31033109
Ralf;Gerlach;Birkenweg 50, 46242 Bottrop;02041 / 48073967
Janne;Kunze;Rektoratsweg 12a, 33803 Steinhagen;05204 / 54372219
Mariella;Buse;Soetenkamp 76, 79312 Emmendingen;07641 / 88394434
Juliana;Obermeier;An Lyskirchen 47, 14193 Schmargendorf;030 / 66781259
Nora;Hanisch;Franz-Peter-Kürten-Weg 178, 04318 Leipzig;0341 / 54709464
Manuel;Wilkens;Eifelstr. 47, 29393 Groß Oesingen;05838 / 19216393
Daniel;Manske;Am Ziegelofen 61, 23936 Bernstorf;03881 / 21293599
Maurice;Graham;Hofstr. 131, 55578 Wallertheim;06732 / 63596346
Juri;Overbeck;Dammstr. 160, 56761 Eulgem;02653 / 76980789
Collin;Schwalbe;Hogenbergstr. 139, 88361 Altshausen;07584 / 41486852
Merle;Baldwin;Kochwiesenstr. 182, 25725 Bornholt;04872 / 21794511
Luc;Brockmann;Hahnenstr. 194, 24848 Klein Bennebek;04624 / 16835038
Yvonne;Seeger;Düesbergweg 76, 21514 Roseburg;04158 / 48935515
Frieda;Holloway;Im Stemmen 4, 86676 Ehekirchen;08435 / 79525519
Rieke;Thiele;Am Berler Kamp 93a, 94371 Rattenberg;09963 / 83522797
Klemens;Mair;Am Getterbach 139, 89522 Heidenheim an der Brenz;07321 / 89672081
Louise;Hipp;Angelmodder Weg 119, 78166 Donaueschingen;0771 / 47843251
Philine;Rath;Overbergstr. 98, 58285 Gevelsberg;02332 / 21092203
Yannic;Korte;Altenhofer Weg 184, 56598 Rheinbrohl;02635 / 78971462
Timo;Haberland;Am Dornbusch 6, 86911 Dießen am Ammersee;08807 / 71169139
Viktor;Kock;An den Weiden 129, 25551 Silzen;04826 / 61830942
Lilli;Träger;Manfred-von-Richthofen-Str. 6, 55452 Rümmelsheim;06704 / 80290670
Dario;Burkhard;Hoove 39, 27580 Bremerhaven;0471 / 56660640
Bernt;Gabler;Wörthstr. 79, 45475 Mülheim an der Ruhr;0208 / 92002735
Nelli;Born;Heinrichstr. 179, 91572 Bechhofen an der Heide;09822 / 33317617
Amy;Padilla;Elsa-Brändström-Weg 103, 74862 Binau;06263 / 45057455
Antonio;Lemke;Am Berler Kamp 164, 35325 Mücke;06400 / 66977439
Alyssa;Dehne;Rohrkampstr. 135, 54317 Lorscheid;0651 / 45166682
Janis;Thiel;Schmittingheide 182, 37412 Elbingerode;05584 / 17383313
Jonas;Hillen;Pötterhoek 48a, 17219 Marihn;03962 / 69669309
Hertha;Schwindt;Dorbaumstr. 139, 03205 Lug;03541 / 42977834
Marvin;Stephan;An den Weiden 22, 19067 Langen Brütz;03866 / 4140200
Jette;Long;Meesenstiege 156, 87549 Rettenberg;08327 / 72133412
Berndt;Hirth;Am Filk 16, 92712 Pirk;0961 / 13596804
Giulia;Patzelt;Dreilinden 109, 54634 Oberstedem;06561 / 26023594
Niels;Schreier;Heroldstr. 149, 93437 Furth;09973 / 86362881
Waltraut;Georg;Steinkamp 71, 38550 Isenbüttel;05374 / 7808208
Katja;Spiess;Kösliner Str. 82, 63179 Obertshausen;06104 / 69056807
Luka;Kolb;Sentmaringer Weg 36, 91347 Aufseß;09198 / 36473951
Erik;Thiel;Erikahof 157, 86169 Augsburg;0821 / 66089034
Markus;Mahr;Mecklenbecker Str. 156, 25719 Barlt;04857 / 25844875
Marlon;Faust;Oscar-Wilde-Str. 162, 24211 Lehmkuhlen;04342 / 98127835
Erwin;Fleck;Telgenweg 193, 14480 Potsdam;0331 / 364798
Günter;Jäschke;Dorotheenstr. 49, 24616 Sarlhusen;04822 / 37403813
Siegfried;Langen;Piusstr. 112, 44269 Dortmund;0231 / 70154530
Marike;Higgins;Bernhard-Poether-Str. 157, 88699 Frickingen;07554 / 41712524
Saskia;Juergens;Marsweg 27, 74936 Siegelsbach;07264 / 31055582
Irmgart;Eckhardt;Studtstr. 153, 24881 Nübel;04622 / 95486636
Louise;Heidenreich;Guntherstr. 57, 91589 Aurach;09804 / 36362694
Sabrina;Ziegler;Hofstr. 129, 54668 Kaschenbach;06525 / 82900586
Lieselotte;Kalisch;Morthorststr. 34, 19288 Alt Krenzlin;03874 / 1660702
Lewin;Ling;Magdalenenstr. 29, 98593 Floh-Seligenthal;03683 / 77137883
Erich;Brennecke;Wormser Str. 172, 68309 Mannheim;0621 / 3403909
Emily;Yates;Klinkkampweg 30, 66126 Saarbrücken;0681 / 68682559
Levin;Haynes;Beuelsweg 190, 34596 Bad Zwesten;05626 / 92479922
Paulina;Singleton;Gartenstr. 35, 94535 Eging am See;08544 / 32156167
Annika;Erickson;Düesbergweg 123, 21516 Müssen;04155 / 99044220
Leo;Pfister;Guntherstr. 30, 80336 München;089 / 11696681
Lennart;Hilgers;Grevener Str. 98, 57555 Brachbach;02745 / 73153889
Janis;Popp;Gescherweg 67, 37081 Göttingen;0551 / 28037273
Reinhard;Hoff;Schubertstr. 100, 93489 Schorndorf;09467 / 70287555
Arne;Wittig;Albachtener Str. 6, 36399 Freiensteinau;06666 / 21831395
Marah;Salewski;Dorbaumstr. 157, 91367 Weißenohe;09192 / 11734205
Matthies;Barbier;Olpener Str. 193, 99338 Neusiß;03677 / 72636846
Isabelle;Taylor;Bünkamp 60, 71126 Gäufelden;07032 / 63297334
Lene;Frei;Landoisstr. 169, 37136 Seeburg;05507 / 96811278
Nadine;Maass;Friesenring 76, 37327 Leinefelde;03605 / 48525043
Mats;Roy;Geiststr. 93, 89610 Oberdischingen;07305 / 69942484
Rike;Seger;Frauenstr. 64, 17349 Voigtsdorf;03968 / 50125277
Matthias;Reinicke;Kösliner Str. 74, 52391 Vettweiß;02424 / 72401759
Paula;Haberl;Am Nubbenberg 91, 46342 Velen;02863 / 36257438
Leon;Stock;Heinrichstr. 71, 41363 Jüchen;02165 / 74175156
Jannis;Herget;Kochwiesenstr. 55, 84489 Burghausen;08432 / 5477370
Danny;Häusler;Langestr. 102, 31789 Hameln;05151 / 36817217
Aaron;Hennings;Handorfer Str. 132, 13599 Haselhorst;030 / 33244848
Horst;Rack;An den Weiden 80, 09113 Chemnitz;0371 / 95810817
Leandra;Breu;Am Berler Kamp 176, 83679 Sachsenkam;08021 / 4614442
Magdalena;Alvarado;Langestr. 193, 03051 Cottbus;0355 / 75705388
Chantal;Offermann;Dreilinden 93, 35689 Dillenburg;02771 / 68463528
Alisa;Sahin;Eulenbergstr. 93, 54636 Seffern;06561 / 97943000
Harald;Wulf;Dreilinden 131, 07545 Gera;0365 / 18961509
Reiner;Schiller;Am Grauen Stein 120, 78355 Hohenfels;07557 / 94255475
Fenja;Ziemer;Rinscheweg 123, 56575 Weißenthurm;02637 / 47877036
Leonard;Hille;Janningsweg 135, 94252 Bayerisch Eisenstein;09925 / 29194270
Fritz;Busch;Willingrott 170, 91592 Buch am Wald;09867 / 29688617
Valentin;Bischoff;Hogenbergstr. 143, 26556 Utarp;04975 / 15166751
Janis;Haas;Methweg 17, 89189 Neenstetten;07340 / 22012432
Mathis;Ramm;Dreizehnerstr. 174, 99706 Sondershausen;03632 / 62749622
Klemens;Rauscher;Lassallestr. 160, 45276 Essen;0201 / 38914535
Torben;Salomon;Kapellenstr. 83a, 54439 Fisch;06581 / 85653554
Michel;Boyd;Piusallee 178, 99091 Erfurt;0361 / 97154732
Annalena;Mutz;Mersmannsstiege 184, 65451 Kelsterbach;06107 / 63878149
Isabelle;Bayer;Neusser Str. 3, 33611 Bielefeld;0521 / 11370337
Jakob;Haupt;Mecklenbecker Str. 170, 25782 Schalkholz;04838 / 62452402
Elena;Köster;Bielefelder Str. 123, 66909 Hüffler;06383 / 62416491
Mara;Techem;Horstmarer Landweg 66, 56377 Seelbach;02604 / 40394708
Yannik;Schweigert;Dauvemühle 124, 63743 Aschaffenburg;06021 / 78707150
Volker;Renner;Fresnostr. 26, 86565 Gachenbach;08259 / 26136402
Henrik;Versatel;Langeworth 176, 29396 Schönewörde;05835 / 39331370
Bettina;Thompson;Speestr. - 34, 93176 Beratzhausen;09493 / 98192688
Annabell;Conrad;Olpener Str. 126, 28201 Bremen;0421 / 47737302
Sina;O'Brien;Dortmunder Str. 175, 72141 Walddorfhäslach;07127 / 64604384
Kimberley;Ling;Overbergstr. 96, 25727 Frestedt;04830 / 76547648
Melina;Thomas;Werkstattstr. 138, 54518 Osann-Monzel;06535 / 41143054
Annica;Bross;Gartenstr. 8, 61476 Kronberg;06173 / 97215521
Mina;Körber;Langestr. 121, 07907 Görkwitz;03663 / 69751497
Jutta;Bruder;Kirchstr. 111, 66117 Saarbrücken;0681 / 59429283
Heinz;Zoellner;Landoisstr. 94, 06556 Ringleben;03466 / 1452736
Kai;Kelm;Weseler Str. 175, 24811 Owschlag;04336 / 31417727
Torsten;Henninger;Dodostr. 130, 67294 Gauersheim;06352 / 57504759
Ida;Brock;Frauenstr. 98, 50767 Köln;0221 / 90875684
Oscar;Geiss;Augustastr. 99, 55268 Nieder-Olm;06136 / 98979529
Enno;Fischer;Overbergstr. 52, 21376 Salzhausen;04172 / 49534384
Gerda;Franke;Mecklenbecker Str. 141, 61184 Karben;06039 / 6786515
Oskar;Stöhr;Hillscheider Weg 67, 21079 Hausbruch;040 / 30389144
Carla;Böttger;Piusstr. 130, 91629 Weihenzell;09802 / 75668165
Catrin;Schwegler;Studtstr. 8, 01309 Dresden;0351 / 50194685
Jona;Drake;Flaßkuhl 160, 83349 Palling;08629 / 24113829
Caroline;Rapp;Dodostr. 187a, 98673 Auengrund;03686 / 5850542
Leonard;Grün;Gartenstr. 86, 91634 Wilburgstetten;09853 / 40660486
Frederic;Brigitte;Klinkkampweg 48, 21217 Seevetal;04105 / 70041655
Ayleen;Bowen;Buldernweg 112, 27243 Kirchseelte;04244 / 44952655
Carl;Flame;Marderweg 85, 09125 Chemnitz;0371 / 55525719
Timo;Knorr;Im Draum 113, 80803 München;089 / 3481690
Elizabeth;Padilla;Tondernstr. 188, 72514 Inzigkofen;07571 / 37874717
Caja;Laux;Ripenhorst 36, 76149 Karlsruhe;0721 / 64877482
Silke;Cox;Johanniterstr. 198, 23627 Groß Grönau;04509 / 54428113
Emmily;Dehmel;Angelstr. 159, 95701 Pechbrunn;09231 / 24832684
Mirco;Feist;Hölkenbusch 48, 56077 Koblenz am Rhein;0261 / 67891029
Richard;Bähr;Weißenburgstr. 35a, 71729 Erdmannhausen;07144 / 30187285
Annabelle;Haase;Eifelstr. 81, 25767 Albersdorf;04835 / 92914634
Jacqueline;Meilen;Zur Wiese 41, 91301 Forchheim;09191 / 8470608
Manuela;Sonnenberg;Dorbaumstr. 112, 25852 Bordelum;04672 / 96948311
Louisa;Gerling;Hüfferstr. 147, 60314 Frankfurt am Main;069 / 17016457
Robert;Bade;Templerweg 196, 15518 Grünheide;03362 / 60059048
Andrea;Harper;Münzstr. 5, 87675 Rettenbach am Auerberg;08349 / 30181978
Matthies;Kiessling;Havichhorster Mühle 81, 67822 Oberhausen an der Appel;06362 / 79661051
Christoph;Kröner;Försterstr. 84, 54675 Kruchten;06564 / 19736812
Miriam;Breuer;Guntherstr. 49, 09648 Mittweida;03727 / 50989771
Lyn;Mai;Carossastr. 138, 08315 Bernsbach;03774 / 87317583
Mareike;Neubauer;Nieland 22, 86660 Tapfheim;09070 / 30275745
Kevin;Ray;Heisstr. 142, 72359 Dotternhausen;07427 / 64417426
Jakob;Herrman;Ostlandstr. 156, 66894 Krähenberg;06375 / 36732300
André;Wink;Heisstr. 12, 24799 Meggerdorf;04883 / 31220148
Ulrike;Malik;Rüschhausweg 190, 57612 Ingelbach;02681 / 58991429
Timm;Kammerer;Handorfer Str. 187, 65624 Altendiez;06432 / 62062769
Matti;Byrd;Mierendorffstr. 89a, 69120 Heidelberg;06221 / 1189612
Sara;Selle;Dachsleite 148, 44143 Dortmund;0231 / 70211463
Smilla;Fenner;Ripenhorst 162, 70567 Stuttgart;0711 / 41794266
Torben;Stern;Friedrichstr. 9, 91456 Diespeck;09161 / 6954198
Liv;Sippel;Telemannstr. 97, 17091 Wolde;03960 / 23874367